habitat,pred,ci_lower,ci_upper,rsq_marg,rsq_cond,ran_effs,signif,transformation,ssOP,ssOGF,ssTot,var_level,dataset,label
OGF,0.756115512863666,0.505322332718754,1.00690869300858,0.394741776113697,0.430544845919888,Quadrat.id:Plot.id;Plot.id,3.73926139048862e-07,log(x+1),28.1101745632328,66.1054425518801,126.307489993534,NA,Above_ground_carbon,Above ground carbon
MLF,0.153817998755232,-0.195304881839258,0.502940879349723,0.394741776113697,0.430544845919888,Quadrat.id:Plot.id;Plot.id,3.73926139048862e-07,log(x+1),28.1101745632328,66.1054425518801,126.307489993534,NA,Above_ground_carbon,Above ground carbon
HLF,-0.974407935777562,-1.27645921142101,-0.672356660134117,0.394741776113697,0.430544845919888,Quadrat.id:Plot.id;Plot.id,3.73926139048862e-07,log(x+1),28.1101745632328,66.1054425518801,126.307489993534,NA,Above_ground_carbon,Above ground carbon
OP,-1.13576178231233,-1.64728325823498,-0.624240306389675,0.394741776113697,0.430544845919888,Quadrat.id:Plot.id;Plot.id,3.73926139048862e-07,log(x+1),28.1101745632328,66.1054425518801,126.307489993534,NA,Above_ground_carbon,Above ground carbon
