habitat,pred,ci_lower,ci_upper,rsq_marg,rsq_cond,ran_effs,signif,transformation,ssOP,ssOGF,ssTot,var_level,dataset,label
OGF,0.755449781777217,0.55679513248936,0.954104431065074,0.394741776114438,0.430544845918096,Quadrat.id:Plot.id;Plot.id,3.73926139048893e-07,log(x+1),28.1101745623912,66.1054425502028,126.307489990068,NA,Above_ground_carbon,Above ground carbon
MLF,0.15315226766876,-0.376496932793176,0.682801468130697,0.394741776114438,0.430544845918096,Quadrat.id:Plot.id;Plot.id,3.73926139048893e-07,log(x+1),28.1101745623912,66.1054425502028,126.307489990068,NA,Above_ground_carbon,Above ground carbon
HLF,-0.975073666864054,-1.49396224058447,-0.456185093143638,0.394741776114438,0.430544845918096,Quadrat.id:Plot.id;Plot.id,3.73926139048893e-07,log(x+1),28.1101745623912,66.1054425502028,126.307489990068,NA,Above_ground_carbon,Above ground carbon
OP,-1.13642751339885,-1.78870944985718,-0.484145576940508,0.394741776114438,0.430544845918096,Quadrat.id:Plot.id;Plot.id,3.73926139048893e-07,log(x+1),28.1101745623912,66.1054425502028,126.307489990068,NA,Above_ground_carbon,Above ground carbon
