habitat,pred,ci_lower,ci_upper,rsq_marg,rsq_cond,ran_effs,signif,transformation,ssOP,ssOGF,ssTot,var_level,dataset,label
OGF,0.337873193436157,-0.0284202558556472,0.704166642727961,0.263554232845602,0.278689307700927,Fractal.id:Block.id;Block.id,2.19604072039502e-07,log,122.700125415621,1.06224566249592,136.188732449978,NA,Bird_diversity_q=2,Bird diversity: q=2
MLF,0.591125936882978,-0.241727831893757,1.42397970565971,0.263554232845602,0.278689307700927,Fractal.id:Block.id;Block.id,2.19604072039502e-07,log,122.700125415621,1.06224566249592,136.188732449978,NA,Bird_diversity_q=2,Bird diversity: q=2
HLF,-0.013609126313897,-0.779512858089532,0.752294605461738,0.263554232845602,0.278689307700927,Fractal.id:Block.id;Block.id,2.19604072039502e-07,log,122.700125415621,1.06224566249592,136.188732449978,NA,Bird_diversity_q=2,Bird diversity: q=2
OP,-1.61647445805768,-2.44300449398775,-0.789944422127615,0.263554232845602,0.278689307700927,Fractal.id:Block.id;Block.id,2.19604072039502e-07,log,122.700125415621,1.06224566249592,136.188732449978,NA,Bird_diversity_q=2,Bird diversity: q=2
