habitat,pred,ci_lower,ci_upper,rsq_marg,rsq_cond,ran_effs,signif,transformation,ssOP,ssOGF,ssTot,var_level,dataset,label
OGF,0.407534446257528,0.0384110237854235,0.776657868729633,0.265470970796707,0.280501179607189,Fractal.id:Block.id;Block.id,3.1035738443992e-07,log,118.423439884082,2.41949291085386,132.963473767453,NA,Bird_diversity_q=1,Bird diversity: q=1
MLF,0.566551183613112,-0.277302708052933,1.41040507527916,0.265470970796707,0.280501179607189,Fractal.id:Block.id;Block.id,3.1035738443992e-07,log,118.423439884082,2.41949291085386,132.963473767453,NA,Bird_diversity_q=1,Bird diversity: q=1
HLF,-0.0440578578662287,-0.814408749279333,0.726293033546875,0.265470970796707,0.280501179607189,Fractal.id:Block.id;Block.id,3.1035738443992e-07,log,118.423439884082,2.41949291085386,132.963473767453,NA,Bird_diversity_q=1,Bird diversity: q=1
OP,-1.59593843296191,-2.42572577258007,-0.76615109334375,0.265470970796707,0.280501179607189,Fractal.id:Block.id;Block.id,3.1035738443992e-07,log,118.423439884082,2.41949291085386,132.963473767453,NA,Bird_diversity_q=1,Bird diversity: q=1
