habitat,pred,ci_lower,ci_upper,rsq_marg,rsq_cond,ran_effs,signif,transformation,ssOP,ssOGF,ssTot,var_level,dataset,label
OGF,0.425207948411542,0.0456398142790444,0.804776082544039,0.266199753208327,0.284071765031341,Fractal.id:Block.id;Block.id,5.2940670501116e-07,log,108.309184221897,2.60976997473372,121.675842857891,NA,Bird_diversity_q=0,Bird diversity: q=0
MLF,0.546936563096295,0.230657975893134,0.863215150299455,0.266199753208327,0.284071765031341,Fractal.id:Block.id;Block.id,5.2940670501116e-07,log,108.309184221897,2.60976997473372,121.675842857891,NA,Bird_diversity_q=0,Bird diversity: q=0
HLF,-0.0440917112289169,-0.213614385390717,0.125430962932884,0.266199753208327,0.284071765031341,Fractal.id:Block.id;Block.id,5.2940670501116e-07,log,108.309184221897,2.60976997473372,121.675842857891,NA,Bird_diversity_q=0,Bird diversity: q=0
OP,-1.59583044804431,-1.90537087808423,-1.28629001800439,0.266199753208327,0.284071765031341,Fractal.id:Block.id;Block.id,5.2940670501116e-07,log,108.309184221897,2.60976997473372,121.675842857891,NA,Bird_diversity_q=0,Bird diversity: q=0
