habitat,pred,ci_lower,ci_upper,rsq_marg,rsq_cond,ran_effs,signif,transformation,ssOP,ssOGF,ssTot,var_level,dataset,label
OGF,0.340612326001192,-0.0311068248090998,0.712331476811484,0.263554232849561,0.278689307722076,Fractal.id:Block.id;Block.id,2.19604072039533e-07,log,122.700125455256,1.06224566267836,136.188732492856,NA,Bird_diversity_q=2,Bird diversity: q=2
MLF,0.593865069414162,0.295184909690615,0.892545229137709,0.263554232849561,0.278689307722076,Fractal.id:Block.id;Block.id,2.19604072039533e-07,log,122.700125455256,1.06224566267836,136.188732492856,NA,Bird_diversity_q=2,Bird diversity: q=2
HLF,-0.0108699938305258,-0.175530226508378,0.153790238847327,0.263554232849561,0.278689307722076,Fractal.id:Block.id;Block.id,2.19604072039533e-07,log,122.700125455256,1.06224566267836,136.188732492856,NA,Bird_diversity_q=2,Bird diversity: q=2
OP,-1.61373532549623,-1.9090287709447,-1.31844188004776,0.263554232849561,0.278689307722076,Fractal.id:Block.id;Block.id,2.19604072039533e-07,log,122.700125455256,1.06224566267836,136.188732492856,NA,Bird_diversity_q=2,Bird diversity: q=2
