habitat,pred,ci_lower,ci_upper,rsq_marg,rsq_cond,ran_effs,signif,transformation,ssOP,ssOGF,ssTot,var_level,dataset,label
OGF,0.409170211095676,0.0346026043595565,0.783737817831796,0.265470971223,0.280501182541054,Fractal.id:Block.id;Block.id,3.1035738443992e-07,log,118.423441294008,2.41949279876467,132.963474987926,NA,Bird_diversity_q=1,Bird diversity: q=1
MLF,0.568186946414498,0.259965227836281,0.876408664992715,0.265470971223,0.280501182541054,Fractal.id:Block.id;Block.id,3.1035738443992e-07,log,118.423441294008,2.41949279876467,132.963474987926,NA,Bird_diversity_q=1,Bird diversity: q=1
HLF,-0.0424220987727991,-0.204598108625536,0.119753911079938,0.265470971223,0.280501182541054,Fractal.id:Block.id;Block.id,3.1035738443992e-07,log,118.423441294008,2.41949279876467,132.963474987926,NA,Bird_diversity_q=1,Bird diversity: q=1
OP,-1.59430266805524,-1.88695081598673,-1.30165452012375,0.265470971223,0.280501182541054,Fractal.id:Block.id;Block.id,3.1035738443992e-07,log,118.423441294008,2.41949279876467,132.963474987926,NA,Bird_diversity_q=1,Bird diversity: q=1
