habitat,pred,ci_lower,ci_upper,rsq_marg,rsq_cond,ran_effs,signif,transformation,ssOP,ssOGF,ssTot,var_level,dataset,label
OGF,0.360103855592112,-0.0348661258231481,0.755073837007372,0.16582838343548,0.209579500655032,Fractal.id:Block.id;Block.id,7.97632781947769e-05,none,30.0899425077314,2.07147607013933,33.2877374511434,NA,Bird_abundance,Bird abund.
MLF,-0.126010402640056,-0.508813427567479,0.256792622287366,0.16582838343548,0.209579500655032,Fractal.id:Block.id;Block.id,7.97632781947769e-05,none,30.0899425077314,2.07147607013933,33.2877374511434,NA,Bird_abundance,Bird abund.
HLF,0.108597433066936,-0.146087624703827,0.363282490837699,0.16582838343548,0.209579500655032,Fractal.id:Block.id;Block.id,7.97632781947769e-05,none,30.0899425077314,2.07147607013933,33.2877374511434,NA,Bird_abundance,Bird abund.
OP,-1.2271075612259,-1.69489534273911,-0.759319779712684,0.16582838343548,0.209579500655032,Fractal.id:Block.id;Block.id,7.97632781947769e-05,none,30.0899425077314,2.07147607013933,33.2877374511434,NA,Bird_abundance,Bird abund.
