habitat,pred,ci_lower,ci_upper,rsq_marg,rsq_cond,ran_effs,signif,transformation,ssOP,ssOGF,ssTot,var_level,dataset,label
OGF,0.423232728682556,0.0499512701700292,0.796514187195083,0.266199753209412,0.284071765038797,Fractal.id:Block.id;Block.id,5.29406705011145e-07,log,108.309184207101,2.60976997460518,121.675842841996,NA,Bird_diversity_q=0,Bird diversity: q=0
MLF,0.544961343362351,-0.310036197451202,1.3999588841759,0.266199753209412,0.284071765038797,Fractal.id:Block.id;Block.id,5.29406705011145e-07,log,108.309184207101,2.60976997460518,121.675842841996,NA,Bird_diversity_q=0,Bird diversity: q=0
HLF,-0.0460669309729173,-0.826865554211415,0.73473169226558,0.266199753209412,0.284071765038797,Fractal.id:Block.id;Block.id,5.29406705011145e-07,log,108.309184207101,2.60976997460518,121.675842841996,NA,Bird_diversity_q=0,Bird diversity: q=0
OP,-1.59780566777293,-2.44294147315481,-0.752669862391037,0.266199753209412,0.284071765038797,Fractal.id:Block.id;Block.id,5.29406705011145e-07,log,108.309184207101,2.60976997460518,121.675842841996,NA,Bird_diversity_q=0,Bird diversity: q=0
