habitat,pred,ci_lower,ci_upper,rsq_marg,rsq_cond,ran_effs,signif,transformation,ssOP,ssOGF,ssTot,var_level,dataset,label
OGF,0.361401890166961,-0.0200925210403989,0.74289630137432,0.165828363507313,0.209581080589259,Fractal.id:Block.id;Block.id,7.97632781947812e-05,none,30.089942500531,2.07147606966239,33.2877374432707,NA,Bird_abundance,Bird abund.
MLF,-0.124712466465148,-1.02436696793698,0.774942035006688,0.165828363507313,0.209581080589259,Fractal.id:Block.id;Block.id,7.97632781947812e-05,none,30.089942500531,2.07147606966239,33.2877374432707,NA,Bird_abundance,Bird abund.
HLF,0.109895808428997,-0.718699735974803,0.938491352832796,0.165828363507313,0.209581080589259,Fractal.id:Block.id;Block.id,7.97632781947812e-05,none,30.089942500531,2.07147606966239,33.2877374432707,NA,Bird_abundance,Bird abund.
OP,-1.22580961201562,-2.18089137187917,-0.270727852152074,0.165828363507313,0.209581080589259,Fractal.id:Block.id;Block.id,7.97632781947812e-05,none,30.089942500531,2.07147606966239,33.2877374432707,NA,Bird_abundance,Bird abund.
