habitat,pred,ci_lower,ci_upper,rsq_marg,rsq_cond,ran_effs,signif,transformation,ssOP,ssOGF,ssTot,var_level,dataset,label
OGF,0.613054168401355,0.118203790864386,1.10790454593832,0.216459543031766,0.283500226527634,Fractal.id:Block.id;Block.id,5.72279741878214e-05,none,26.6391679136162,3.03836715198808,33.7441579459307,NA,Dung_beetle_diversity_q=2,Dung beetle diversity: q=2
MLF,0.575962441810111,-0.625994395620859,1.77791927924108,0.216459543031766,0.283500226527634,Fractal.id:Block.id;Block.id,5.72279741878214e-05,none,26.6391679136162,3.03836715198808,33.7441579459307,NA,Dung_beetle_diversity_q=2,Dung beetle diversity: q=2
HLF,-0.0533609358713055,-1.11559619078179,1.00887431903918,0.216459543031766,0.283500226527634,Fractal.id:Block.id;Block.id,5.72279741878214e-05,none,26.6391679136162,3.03836715198808,33.7441579459307,NA,Dung_beetle_diversity_q=2,Dung beetle diversity: q=2
OP,-1.01043353143249,-2.12409158516985,0.103224522304879,0.216459543031766,0.283500226527634,Fractal.id:Block.id;Block.id,5.72279741878214e-05,none,26.6391679136162,3.03836715198808,33.7441579459307,NA,Dung_beetle_diversity_q=2,Dung beetle diversity: q=2
