habitat,pred,ci_lower,ci_upper,rsq_marg,rsq_cond,ran_effs,signif,transformation,ssOP,ssOGF,ssTot,var_level,dataset,label
OGF,0.727078640088699,0.304076518646334,1.15008076153107,0.319343599955928,0.334046947149575,Fractal.id:Block.id;Block.id,1.44223970517996e-08,anscombe,179.91599817279,6.52684885962495,191.050933689317,NA,Dung_beetle_abundance,Dung beetle abund.
MLF,-0.125257310296224,-0.417366557961744,0.166851937369295,0.319343599955928,0.334046947149575,Fractal.id:Block.id;Block.id,1.44223970517996e-08,anscombe,179.91599817279,6.52684885962495,191.050933689317,NA,Dung_beetle_abundance,Dung beetle abund.
HLF,0.250929235614357,0.0618367081229209,0.440021763105793,0.319343599955928,0.334046947149575,Fractal.id:Block.id;Block.id,1.44223970517996e-08,anscombe,179.91599817279,6.52684885962495,191.050933689317,NA,Dung_beetle_abundance,Dung beetle abund.
OP,-1.4847204921393,-1.68983872315143,-1.27960226112716,0.319343599955928,0.334046947149575,Fractal.id:Block.id;Block.id,1.44223970517996e-08,anscombe,179.91599817279,6.52684885962495,191.050933689317,NA,Dung_beetle_abundance,Dung beetle abund.
