habitat,pred,ci_lower,ci_upper,rsq_marg,rsq_cond,ran_effs,signif,transformation,ssOP,ssOGF,ssTot,var_level,dataset,label
OGF,0.614460678519204,0.0939755967454193,1.13494576029299,0.216459543031623,0.283500226528607,Fractal.id:Block.id;Block.id,5.72279741878183e-05,none,26.6391679141168,3.03836715203907,33.7441579465377,NA,Dung_beetle_diversity_q=2,Dung beetle diversity: q=2
MLF,0.577368951927971,0.0471530498282507,1.10758485402769,0.216459543031623,0.283500226528607,Fractal.id:Block.id;Block.id,5.72279741878183e-05,none,26.6391679141168,3.03836715203907,33.7441579465377,NA,Dung_beetle_diversity_q=2,Dung beetle diversity: q=2
HLF,-0.0519544257534606,-0.348290816047351,0.24438196454043,0.216459543031623,0.283500226528607,Fractal.id:Block.id;Block.id,5.72279741878183e-05,none,26.6391679141168,3.03836715203907,33.7441579465377,NA,Dung_beetle_diversity_q=2,Dung beetle diversity: q=2
OP,-1.00902702131462,-1.41243479609788,-0.605619246531371,0.216459543031623,0.283500226528607,Fractal.id:Block.id;Block.id,5.72279741878183e-05,none,26.6391679141168,3.03836715203907,33.7441579465377,NA,Dung_beetle_diversity_q=2,Dung beetle diversity: q=2
