habitat,pred,ci_lower,ci_upper,rsq_marg,rsq_cond,ran_effs,signif,transformation,ssOP,ssOGF,ssTot,var_level,dataset,label
OGF,0.598640031750929,0.239504331832254,0.957775731669604,0.279240404141571,0.298250710451437,Fractal.id:Block.id;Block.id,2.6569559756415e-07,log,61.3729725316879,4.15694574337808,80.8673996511473,NA,Dung_beetle_diversity_q=0,Dung beetle diversity: q=0
MLF,0.730301610654211,0.376468999120973,1.08413422218745,0.279240404141571,0.298250710451437,Fractal.id:Block.id;Block.id,2.6569559756415e-07,log,61.3729725316879,4.15694574337808,80.8673996511473,NA,Dung_beetle_diversity_q=0,Dung beetle diversity: q=0
HLF,-0.017973376829561,-0.260722833764644,0.224776080105522,0.279240404141571,0.298250710451437,Fractal.id:Block.id;Block.id,2.6569559756415e-07,log,61.3729725316879,4.15694574337808,80.8673996511473,NA,Dung_beetle_diversity_q=0,Dung beetle diversity: q=0
OP,-1.26570198319001,-1.66422518228239,-0.867178784097634,0.279240404141571,0.298250710451437,Fractal.id:Block.id;Block.id,2.6569559756415e-07,log,61.3729725316879,4.15694574337808,80.8673996511473,NA,Dung_beetle_diversity_q=0,Dung beetle diversity: q=0
