habitat,pred,ci_lower,ci_upper,rsq_marg,rsq_cond,ran_effs,signif,transformation,ssOP,ssOGF,ssTot,var_level,dataset,label
OGF,0.622804300650663,0.172500026157941,1.07310857514339,0.249892838616576,0.290647810908973,Fractal.id:Block.id;Block.id,3.26915822238996e-06,none,41.1686260357378,3.62065845584209,55.1056935218291,NA,Dung_beetle_diversity_q=1,Dung beetle diversity: q=1
MLF,0.741736577712277,-0.324666907689841,1.80814006311439,0.249892838616576,0.290647810908973,Fractal.id:Block.id;Block.id,3.26915822238996e-06,none,41.1686260357378,3.62065845584209,55.1056935218291,NA,Dung_beetle_diversity_q=1,Dung beetle diversity: q=1
HLF,-0.0855585957762368,-1.0473869963382,0.87626980478573,0.249892838616576,0.290647810908973,Fractal.id:Block.id;Block.id,3.26915822238996e-06,none,41.1686260357378,3.62065845584209,55.1056935218291,NA,Dung_beetle_diversity_q=1,Dung beetle diversity: q=1
OP,-1.07135648472446,-2.07697813548984,-0.0657348339590784,0.249892838616576,0.290647810908973,Fractal.id:Block.id;Block.id,3.26915822238996e-06,none,41.1686260357378,3.62065845584209,55.1056935218291,NA,Dung_beetle_diversity_q=1,Dung beetle diversity: q=1
