habitat,pred,ci_lower,ci_upper,rsq_marg,rsq_cond,ran_effs,signif,transformation,ssOP,ssOGF,ssTot,var_level,dataset,label
OGF,0.728381482280172,0.31475970921917,1.14200325534117,0.319343599956266,0.334046947149285,Fractal.id:Block.id;Block.id,1.44223970517988e-08,anscombe,179.915998166463,6.52684885956407,191.050933682841,NA,Dung_beetle_abundance,Dung beetle abund.
MLF,-0.123954468104773,-1.0377881070162,0.789879170806655,0.319343599956266,0.334046947149285,Fractal.id:Block.id;Block.id,1.44223970517988e-08,anscombe,179.915998166463,6.52684885956407,191.050933682841,NA,Dung_beetle_abundance,Dung beetle abund.
HLF,0.252232077806597,-0.613824238825852,1.11828839443905,0.319343599956266,0.334046947149285,Fractal.id:Block.id;Block.id,1.44223970517988e-08,anscombe,179.915998166463,6.52684885956407,191.050933682841,NA,Dung_beetle_abundance,Dung beetle abund.
OP,-1.48341764994784,-2.35415957478346,-0.612675725112222,0.319343599956266,0.334046947149285,Fractal.id:Block.id;Block.id,1.44223970517988e-08,anscombe,179.915998166463,6.52684885956407,191.050933682841,NA,Dung_beetle_abundance,Dung beetle abund.
