habitat,pred,ci_lower,ci_upper,rsq_marg,rsq_cond,ran_effs,signif,transformation,ssOP,ssOGF,ssTot,var_level,dataset,label
OGF,0.597477402313585,0.287801013302509,0.90715379132466,0.279240404141118,0.29825071044834,Fractal.id:Block.id;Block.id,2.6569559756415e-07,log,61.3729725315173,4.15694574354639,80.8673996512106,NA,Dung_beetle_diversity_q=0,Dung beetle diversity: q=0
MLF,0.729138981216881,-0.0137997022727409,1.4720776647065,0.279240404141118,0.29825071044834,Fractal.id:Block.id;Block.id,2.6569559756415e-07,log,61.3729725315173,4.15694574354639,80.8673996512106,NA,Dung_beetle_diversity_q=0,Dung beetle diversity: q=0
HLF,-0.0191360062637037,-0.702628479329162,0.664356466801755,0.279240404141118,0.29825071044834,Fractal.id:Block.id;Block.id,2.6569559756415e-07,log,61.3729725315173,4.15694574354639,80.8673996512106,NA,Dung_beetle_diversity_q=0,Dung beetle diversity: q=0
OP,-1.26686461262734,-2.04985530620693,-0.483873919047754,0.279240404141118,0.29825071044834,Fractal.id:Block.id;Block.id,2.6569559756415e-07,log,61.3729725315173,4.15694574354639,80.8673996512106,NA,Dung_beetle_diversity_q=0,Dung beetle diversity: q=0
