habitat,pred,ci_lower,ci_upper,rsq_marg,rsq_cond,ran_effs,signif,transformation,ssOP,ssOGF,ssTot,var_level,dataset,label
OGF,0.696068714417681,-0.000641729128246449,1.39277915796361,0.0889461244314322,0.358601181569632,Fractal.id:Block.id;Block.id,0.161444672308089,log(x+1),0.003210359984993,3.01672333469926,3.27579240497423,NA,Dung_removal,Dung removal
MLF,0.0375430507104686,-1.64193723131448,1.71702333273542,0.0889461244314322,0.358601181569632,Fractal.id:Block.id;Block.id,0.161444672308089,log(x+1),0.003210359984993,3.01672333469926,3.27579240497423,NA,Dung_removal,Dung removal
HLF,-0.217096307197816,-1.7566252100607,1.32243259566507,0.0889461244314322,0.358601181569632,Fractal.id:Block.id;Block.id,0.161444672308089,log(x+1),0.003210359984993,3.01672333469926,3.27579240497423,NA,Dung_removal,Dung removal
OP,0.0382862160196719,-1.62219213413562,1.69876456617497,0.0889461244314322,0.358601181569632,Fractal.id:Block.id;Block.id,0.161444672308089,log(x+1),0.003210359984993,3.01672333469926,3.27579240497423,NA,Dung_removal,Dung removal
