habitat,pred,ci_lower,ci_upper,rsq_marg,rsq_cond,ran_effs,signif,transformation,ssOP,ssOGF,ssTot,var_level,dataset,label
OGF,0.624009345937617,0.155293884812155,1.09272480706308,0.249892838616588,0.290647810908874,Fractal.id:Block.id;Block.id,3.26915822239005e-06,none,41.1686260355884,3.62065845583061,55.1056935216387,NA,Dung_beetle_diversity_q=1,Dung beetle diversity: q=1
MLF,0.742941622999228,0.302948732716659,1.1829345132818,0.249892838616588,0.290647810908874,Fractal.id:Block.id;Block.id,3.26915822239005e-06,none,41.1686260355884,3.62065845583061,55.1056935216387,NA,Dung_beetle_diversity_q=1,Dung beetle diversity: q=1
HLF,-0.0843535504892839,-0.340297785126845,0.171590684148277,0.249892838616588,0.290647810908874,Fractal.id:Block.id;Block.id,3.26915822239005e-06,none,41.1686260355884,3.62065845583061,55.1056935216387,NA,Dung_beetle_diversity_q=1,Dung beetle diversity: q=1
OP,-1.07015143943751,-1.41795243408962,-0.722350444785398,0.249892838616588,0.290647810908874,Fractal.id:Block.id;Block.id,3.26915822239005e-06,none,41.1686260355884,3.62065845583061,55.1056935216387,NA,Dung_beetle_diversity_q=1,Dung beetle diversity: q=1
