habitat,pred,ci_lower,ci_upper,rsq_marg,rsq_cond,ran_effs,signif,transformation,ssOP,ssOGF,ssTot,var_level,dataset,label
OGF,0.467034128900158,0.291324943872405,0.642743313927911,0.176550845546771,0.595585952870122,Subplot.id:(Quadrat.id:Plot.id);Date;Quadrat.id:Plot.id;Plot.id,1.43682847591113e-05,none,7.53171560907689,15.9648686865059,28.7495412610727,NA,Leaf_area_index,Leaf-area Index
MLF,0.161229350580412,-0.334849596924019,0.657308298084843,0.176550845546771,0.595585952870122,Subplot.id:(Quadrat.id:Plot.id);Date;Quadrat.id:Plot.id;Plot.id,1.43682847591113e-05,none,7.53171560907689,15.9648686865059,28.7495412610727,NA,Leaf_area_index,Leaf-area Index
HLF,-0.406801578868616,-0.828344279949457,0.0147411222122253,0.176550845546771,0.595585952870122,Subplot.id:(Quadrat.id:Plot.id);Date;Quadrat.id:Plot.id;Plot.id,1.43682847591113e-05,none,7.53171560907689,15.9648686865059,28.7495412610727,NA,Leaf_area_index,Leaf-area Index
OP,-0.911104650072805,-1.55439902316247,-0.267810276983138,0.176550845546771,0.595585952870122,Subplot.id:(Quadrat.id:Plot.id);Date;Quadrat.id:Plot.id;Plot.id,1.43682847591113e-05,none,7.53171560907689,15.9648686865059,28.7495412610727,NA,Leaf_area_index,Leaf-area Index
