habitat,pred,ci_lower,ci_upper,rsq_marg,rsq_cond,ran_effs,signif,transformation,ssOP,ssOGF,ssTot,var_level,dataset,label
OGF,0.501420595451386,0.324585471445855,0.678255719456917,0.17655084621625,0.595585945724411,Subplot.id:Quadrat.id:Plot.id;Date;Quadrat.id:Plot.id;Plot.id,1.43682847591176e-05,none,7.53171586675839,15.9648690626017,28.7495419725075,NA,Leaf_area_index,Leaf-area Index
MLF,0.195615817310685,-0.0740098113564353,0.465241445977805,0.17655084621625,0.595585945724411,Subplot.id:Quadrat.id:Plot.id;Date;Quadrat.id:Plot.id;Plot.id,1.43682847591176e-05,none,7.53171586675839,15.9648690626017,28.7495419725075,NA,Leaf_area_index,Leaf-area Index
HLF,-0.372415108662604,-0.545268588615858,-0.199561628709351,0.17655084621625,0.595585945724411,Subplot.id:Quadrat.id:Plot.id;Date;Quadrat.id:Plot.id;Plot.id,1.43682847591176e-05,none,7.53171586675839,15.9648690626017,28.7495419725075,NA,Leaf_area_index,Leaf-area Index
OP,-0.876718182970541,-1.31200799918057,-0.441428366760509,0.17655084621625,0.595585945724411,Subplot.id:Quadrat.id:Plot.id;Date;Quadrat.id:Plot.id;Plot.id,1.43682847591176e-05,none,7.53171586675839,15.9648690626017,28.7495419725075,NA,Leaf_area_index,Leaf-area Index
