habitat,pred,ci_lower,ci_upper,rsq_marg,rsq_cond,ran_effs,signif,transformation,ssOP,ssOGF,ssTot,var_level,dataset,label
OGF,0.362868408348676,-0.326552355328476,1.05228917202583,0.338984715131459,0.583318198483355,Subplot.id:Plot.id;Plot.id,0.00754323820645285,log,6.74687760241429,0.297931098350985,7.65568156468268,NA,Soil_nutrients_C_P,Soil nutrients: C:P
MLF,-0.187329180780818,-1.16028207394498,0.785623712383344,0.338984715131459,0.583318198483355,Subplot.id:Plot.id;Plot.id,0.00754323820645285,log,6.74687760241429,0.297931098350985,7.65568156468268,NA,Soil_nutrients_C_P,Soil nutrients: C:P
HLF,0.363963599688204,-0.608600081088831,1.33652728046524,0.338984715131459,0.583318198483355,Subplot.id:Plot.id;Plot.id,0.00754323820645285,log,6.74687760241429,0.297931098350985,7.65568156468268,NA,Soil_nutrients_C_P,Soil nutrients: C:P
OP,-1.80474247120947,-3.18830259684597,-0.421182345572972,0.338984715131459,0.583318198483355,Subplot.id:Plot.id;Plot.id,0.00754323820645285,log,6.74687760241429,0.297931098350985,7.65568156468268,NA,Soil_nutrients_C_P,Soil nutrients: C:P
