habitat,pred,ci_lower,ci_upper,rsq_marg,rsq_cond,ran_effs,signif,transformation,ssOP,ssOGF,ssTot,var_level,dataset,label
OGF,-0.156686944882837,-0.787672374700963,0.474298484935288,0.0602105337755898,0.518260747279891,Subplot.id:Plot.id;Plot.id,0.487480897940041,log,0.242257296954228,0.464990544107534,0.890716959419479,NA,Soil_nutrients_C,Soil nutrients: C
MLF,0.440849825385739,-1.31211143519783,2.19381108596931,0.0602105337755898,0.518260747279891,Subplot.id:Plot.id;Plot.id,0.487480897940041,log,0.242257296954228,0.464990544107534,0.890716959419479,NA,Soil_nutrients_C,Soil nutrients: C
HLF,0.0751730373114002,-1.64837900546112,1.79872508008392,0.0602105337755898,0.518260747279891,Subplot.id:Plot.id;Plot.id,0.487480897940041,log,0.242257296954228,0.464990544107534,0.890716959419479,NA,Soil_nutrients_C,Soil nutrients: C
OP,-0.405297945862922,-2.47934865342357,1.66875276169772,0.0602105337755898,0.518260747279891,Subplot.id:Plot.id;Plot.id,0.487480897940041,log,0.242257296954228,0.464990544107534,0.890716959419479,NA,Soil_nutrients_C,Soil nutrients: C
