habitat,pred,ci_lower,ci_upper,rsq_marg,rsq_cond,ran_effs,signif,transformation,ssOP,ssOGF,ssTot,var_level,dataset,label
OGF,0.175444832650188,-0.160111177361292,0.511000842661669,0.29128171801635,0.445526935387869,Subplot.id:Plot.id;Plot.id,0.000585228113309892,none,3.40375164572264,4.16734318175146,22.3997111196986,NA,Soil_richness_Bacteria,Soil richness: Bacteria
MLF,-1.12548009202709,-2.0281881967141,-0.222771987340077,0.29128171801635,0.445526935387869,Subplot.id:Plot.id;Plot.id,0.000585228113309892,none,3.40375164572264,4.16734318175146,22.3997111196986,NA,Soil_richness_Bacteria,Soil richness: Bacteria
HLF,0.3923684715696,-0.526011087302902,1.3107480304421,0.29128171801635,0.445526935387869,Subplot.id:Plot.id;Plot.id,0.000585228113309892,none,3.40375164572264,4.16734318175146,22.3997111196986,NA,Soil_richness_Bacteria,Soil richness: Bacteria
OP,0.714560309472618,-0.412389470660935,1.84151008960617,0.29128171801635,0.445526935387869,Subplot.id:Plot.id;Plot.id,0.000585228113309892,none,3.40375164572264,4.16734318175146,22.3997111196986,NA,Soil_richness_Bacteria,Soil richness: Bacteria
