habitat,pred,ci_lower,ci_upper,rsq_marg,rsq_cond,ran_effs,signif,transformation,ssOP,ssOGF,ssTot,var_level,dataset,label
OGF,0.235777742238213,-0.396203992027728,0.867759476504155,0.0888557940284572,0.307571360154011,Subplot.id:Plot.id;Plot.id,0.146351387633673,none,0.365398469923661,1.05622537851307,3.27070728463263,NA,Soil_richness_Protist,Soil richness: Protist
MLF,-0.528854145626132,-1.42225701262776,0.3645487213755,0.0888557940284572,0.307571360154011,Subplot.id:Plot.id;Plot.id,0.146351387633673,none,0.365398469923661,1.05622537851307,3.27070728463263,NA,Soil_richness_Protist,Soil richness: Protist
HLF,0.200408036686749,-0.689601802625444,1.09041787599894,0.0888557940284572,0.307571360154011,Subplot.id:Plot.id;Plot.id,0.146351387633673,none,0.365398469923661,1.05622537851307,3.27070728463263,NA,Soil_richness_Protist,Soil richness: Protist
OP,-0.297941807209599,-1.56350761712471,0.967624002705515,0.0888557940284572,0.307571360154011,Subplot.id:Plot.id;Plot.id,0.146351387633673,none,0.365398469923661,1.05622537851307,3.27070728463263,NA,Soil_richness_Protist,Soil richness: Protist
