habitat,pred,ci_lower,ci_upper,rsq_marg,rsq_cond,ran_effs,signif,transformation,ssOP,ssOGF,ssTot,var_level,dataset,label
OGF,-0.665172355777805,-1.11885619455023,-0.211488517005379,0.294147225072131,0.373688839363891,Subplot.id:Plot.id;Plot.id,0.000440990241452348,log,8.86394610509231,17.3830506302173,27.4387244523742,NA,Soil_bulk_density,Soil bulk density
MLF,0.621504055018616,-0.0136695887298105,1.25667769876704,0.294147225072131,0.373688839363891,Subplot.id:Plot.id;Plot.id,0.000440990241452348,log,8.86394610509231,17.3830506302173,27.4387244523742,NA,Soil_bulk_density,Soil bulk density
HLF,0.231396551936055,-0.402247092109842,0.865040195981953,0.294147225072131,0.373688839363891,Subplot.id:Plot.id;Plot.id,0.000440990241452348,log,8.86394610509231,17.3830506302173,27.4387244523742,NA,Soil_bulk_density,Soil bulk density
OP,1.0851002377294,0.178918568115701,1.9912819073431,0.294147225072131,0.373688839363891,Subplot.id:Plot.id;Plot.id,0.000440990241452348,log,8.86394610509231,17.3830506302173,27.4387244523742,NA,Soil_bulk_density,Soil bulk density
