habitat,pred,ci_lower,ci_upper,rsq_marg,rsq_cond,ran_effs,signif,transformation,ssOP,ssOGF,ssTot,var_level,dataset,label
OGF,-0.0589464870632451,-0.232069642492591,0.114176668366101,0.0363153167208191,0.373380448468311,Subplot.id:(Quadrat.id:Plot.id);Date;Quadrat.id:Plot.id;Plot.id,0.00480543756705218,log(x+1),7.67401669745525,0.796195273082125,9.00491084905038,NA,Soil_respiration,Respiration: Soil
MLF,0.175966288246429,-0.314755878508844,0.666688455001702,0.0363153167208191,0.373380448468311,Subplot.id:(Quadrat.id:Plot.id);Date;Quadrat.id:Plot.id;Plot.id,0.00480543756705218,log(x+1),7.67401669745525,0.796195273082125,9.00491084905038,NA,Soil_respiration,Respiration: Soil
HLF,0.0286549461900764,-0.38364804167372,0.440957934053873,0.0363153167208191,0.373380448468311,Subplot.id:(Quadrat.id:Plot.id);Date;Quadrat.id:Plot.id;Plot.id,0.00480543756705218,log(x+1),7.67401669745525,0.796195273082125,9.00491084905038,NA,Soil_respiration,Respiration: Soil
OP,-0.715555475614388,-1.3201554206261,-0.110955530602673,0.0363153167208191,0.373380448468311,Subplot.id:(Quadrat.id:Plot.id);Date;Quadrat.id:Plot.id;Plot.id,0.00480543756705218,log(x+1),7.67401669745525,0.796195273082125,9.00491084905038,NA,Soil_respiration,Respiration: Soil
