habitat,pred,ci_lower,ci_upper,rsq_marg,rsq_cond,ran_effs,signif,transformation,ssOP,ssOGF,ssTot,var_level,dataset,label
OGF,-0.0930967986444261,-0.66263567367804,0.476442076389188,0.18841504296247,0.505678837717267,Subplot.id:Plot.id;Plot.id,0.0435120138593431,none,3.68597575908139,0.881087690475726,4.72402585837009,NA,Soil_moisture,Soil moisture
MLF,0.237458393555405,-1.34737110964419,1.822287896755,0.18841504296247,0.505678837717267,Subplot.id:Plot.id;Plot.id,0.0435120138593431,none,3.68597575908139,0.881087690475726,4.72402585837009,NA,Soil_moisture,Soil moisture
HLF,0.528329040638639,-1.03273478651104,2.08939286778831,0.18841504296247,0.505678837717267,Subplot.id:Plot.id;Plot.id,0.0435120138593431,none,3.68597575908139,0.881087690475726,4.72402585837009,NA,Soil_moisture,Soil moisture
OP,-1.31244922043044,-3.15110807031729,0.526209629456407,0.18841504296247,0.505678837717267,Subplot.id:Plot.id;Plot.id,0.0435120138593431,none,3.68597575908139,0.881087690475726,4.72402585837009,NA,Soil_moisture,Soil moisture
