habitat,pred,ci_lower,ci_upper,rsq_marg,rsq_cond,ran_effs,signif,transformation,ssOP,ssOGF,ssTot,var_level,dataset,label
OGF,-0.42217112275444,-0.678378904328691,-0.165963341180189,0.249941208090554,0.301650510899729,Subplot.id:Plot.id;Plot.id,0.000294308725537676,none,7.54549333787504,24.8332221843041,33.0309783116947,NA,Soil_horizon_depth,Soil horizon depth
MLF,0.739870624175441,0.00120126135009357,1.47853998700079,0.249941208090554,0.301650510899729,Subplot.id:Plot.id;Plot.id,0.000294308725537676,none,7.54549333787504,24.8332221843041,33.0309783116947,NA,Soil_horizon_depth,Soil horizon depth
HLF,0.482453001712811,-0.282470041079058,1.24737604450468,0.249941208090554,0.301650510899729,Subplot.id:Plot.id;Plot.id,0.000294308725537676,none,7.54549333787504,24.8332221843041,33.0309783116947,NA,Soil_horizon_depth,Soil horizon depth
OP,-0.857817236679289,-1.737596374057,0.0219619006984251,0.249941208090554,0.301650510899729,Subplot.id:Plot.id;Plot.id,0.000294308725537676,none,7.54549333787504,24.8332221843041,33.0309783116947,NA,Soil_horizon_depth,Soil horizon depth
