habitat,pred,ci_lower,ci_upper,rsq_marg,rsq_cond,ran_effs,signif,transformation,ssOP,ssOGF,ssTot,var_level,dataset,label
OGF,0.757798797082664,0.592801026452034,0.922796567713294,0.361522756915319,0.396554319902284,Subplot.id:Plot.id;Plot.id,1.64056770730802e-06,log(x+1),46.3220020875444,68.1815222448413,115.351832410326,NA,Soil_richness_Ectomycorrhiza,Soil richness: Ectomycorrhiza
MLF,-0.529492993648532,-1.06359453748696,0.00460855018989481,0.361522756915319,0.396554319902284,Subplot.id:Plot.id;Plot.id,1.64056770730802e-06,log(x+1),46.3220020875444,68.1815222448413,115.351832410326,NA,Soil_richness_Ectomycorrhiza,Soil richness: Ectomycorrhiza
HLF,-0.323321573870423,-0.783847700560195,0.137204552819348,0.361522756915319,0.396554319902284,Subplot.id:Plot.id;Plot.id,1.64056770730802e-06,log(x+1),46.3220020875444,68.1815222448413,115.351832410326,NA,Soil_richness_Ectomycorrhiza,Soil richness: Ectomycorrhiza
OP,-1.28203699010972,-1.88217195636011,-0.681902023859331,0.361522756915319,0.396554319902284,Subplot.id:Plot.id;Plot.id,1.64056770730802e-06,log(x+1),46.3220020875444,68.1815222448413,115.351832410326,NA,Soil_richness_Ectomycorrhiza,Soil richness: Ectomycorrhiza
