habitat,pred,ci_lower,ci_upper,rsq_marg,rsq_cond,ran_effs,signif,transformation,ssOP,ssOGF,ssTot,var_level,dataset,label
OGF,-0.550421280354855,-1.0732606724134,-0.027581888296312,0.0372090139949327,0.614688064947351,Subplot.id:(Quadrat.id:Plot.id);Date;Quadrat.id:Plot.id;Plot.id,0.413189248013343,none,0.426803908861991,0.44999577392769,0.959260693622863,NA,Soil_temperature,Soil temp.
MLF,-0.328783792411209,-1.77818268407595,1.12061509925353,0.0372090139949327,0.614688064947351,Subplot.id:(Quadrat.id:Plot.id);Date;Quadrat.id:Plot.id;Plot.id,0.413189248013343,none,0.426803908861991,0.44999577392769,0.959260693622863,NA,Soil_temperature,Soil temp.
HLF,-0.120282459238493,-1.43021358637096,1.18964866789397,0.0372090139949327,0.614688064947351,Subplot.id:(Quadrat.id:Plot.id);Date;Quadrat.id:Plot.id;Plot.id,0.413189248013343,none,0.426803908861991,0.44999577392769,0.959260693622863,NA,Soil_temperature,Soil temp.
OP,0.182884224501361,-1.50350368982057,1.86927213882329,0.0372090139949327,0.614688064947351,Subplot.id:(Quadrat.id:Plot.id);Date;Quadrat.id:Plot.id;Plot.id,0.413189248013343,none,0.426803908861991,0.44999577392769,0.959260693622863,NA,Soil_temperature,Soil temp.
