habitat,pred,ci_lower,ci_upper,rsq_marg,rsq_cond,ran_effs,signif,transformation,ssOP,ssOGF,ssTot,var_level,dataset,label
OGF,-0.193459140659687,-1.09454224386924,0.707623962549869,0.0253181305527502,0.540767153602314,Subplot.id:Plot.id;Plot.id,0.808434852993937,log,0.0190526297346109,0.290347675636554,0.312101050469315,NA,Soil_nutrients_N,Soil nutrients: N
MLF,0.187512269118321,-1.09151645000372,1.46654098824036,0.0253181305527502,0.540767153602314,Subplot.id:Plot.id;Plot.id,0.808434852993937,log,0.0190526297346109,0.290347675636554,0.312101050469315,NA,Soil_nutrients_N,Soil nutrients: N
HLF,0.138716629972899,-1.1352027598448,1.4126360197906,0.0253181305527502,0.540767153602314,Subplot.id:Plot.id;Plot.id,0.808434852993937,log,0.0190526297346109,0.290347675636554,0.312101050469315,NA,Soil_nutrients_N,Soil nutrients: N
OP,0.121378764456306,-1.68133910960374,1.92409663851635,0.0253181305527502,0.540767153602314,Subplot.id:Plot.id;Plot.id,0.808434852993937,log,0.0190526297346109,0.290347675636554,0.312101050469315,NA,Soil_nutrients_N,Soil nutrients: N
