habitat,pred,ci_lower,ci_upper,rsq_marg,rsq_cond,ran_effs,signif,transformation,ssOP,ssOGF,ssTot,var_level,dataset,label
OGF,-0.415809578108561,-1.14208057338341,0.310461417166285,0.264562692069381,0.657886550780608,Subplot.id:Plot.id;Plot.id,0.0285370799676997,log,2.23684730158854,0.677858173651036,3.58906660030885,NA,Soil_nutrients_Inorganic_P,Soil nutrients: Inorganic P
MLF,0.457982947446519,-0.570081310873824,1.48604720576686,0.264562692069381,0.657886550780608,Subplot.id:Plot.id;Plot.id,0.0285370799676997,log,2.23684730158854,0.677858173651036,3.58906660030885,NA,Soil_nutrients_Inorganic_P,Soil nutrients: Inorganic P
HLF,-0.262604146559016,-1.28908706795729,0.763878774839256,0.264562692069381,0.657886550780608,Subplot.id:Plot.id;Plot.id,0.0285370799676997,log,2.23684730158854,0.677858173651036,3.58906660030885,NA,Soil_nutrients_Inorganic_P,Soil nutrients: Inorganic P
OP,1.27248071065924,-0.184226380640942,2.72918780195942,0.264562692069381,0.657886550780608,Subplot.id:Plot.id;Plot.id,0.0285370799676997,log,2.23684730158854,0.677858173651036,3.58906660030885,NA,Soil_nutrients_Inorganic_P,Soil nutrients: Inorganic P
