habitat,pred,ci_lower,ci_upper,rsq_marg,rsq_cond,ran_effs,signif,transformation,ssOP,ssOGF,ssTot,var_level,dataset,label
OGF,-0.030014182201215,-0.20482803185171,0.14479966744928,0.0363153730376303,0.373379414613974,Subplot.id:Quadrat.id:Plot.id;Date;Quadrat.id:Plot.id;Plot.id,0.00480543756705829,log(x+1),7.67401502840351,0.79619499028343,9.00490397887044,NA,Soil_respiration,Respiration: Soil
MLF,0.204899136779409,-0.0643963995630511,0.47419467312187,0.0363153730376303,0.373379414613974,Subplot.id:Quadrat.id:Plot.id;Date;Quadrat.id:Plot.id;Plot.id,0.00480543756705829,log(x+1),7.67401502840351,0.79619499028343,9.00490397887044,NA,Soil_respiration,Respiration: Soil
HLF,0.0575866241094662,-0.112551065402276,0.227724313621209,0.0363153730376303,0.373379414613974,Subplot.id:Quadrat.id:Plot.id;Date;Quadrat.id:Plot.id;Plot.id,0.00480543756705829,log(x+1),7.67401502840351,0.79619499028343,9.00490397887044,NA,Soil_respiration,Respiration: Soil
OP,-0.686623483477886,-1.08649230202225,-0.286754664933519,0.0363153730376303,0.373379414613974,Subplot.id:Quadrat.id:Plot.id;Date;Quadrat.id:Plot.id;Plot.id,0.00480543756705829,log(x+1),7.67401502840351,0.79619499028343,9.00490397887044,NA,Soil_respiration,Respiration: Soil
