habitat,pred,ci_lower,ci_upper,rsq_marg,rsq_cond,ran_effs,signif,transformation,ssOP,ssOGF,ssTot,var_level,dataset,label
OGF,-0.0986266081333191,-0.60352291268037,0.406269696413732,0.0899704994782326,0.196733318468653,Subplot.id:Plot.id;Plot.id,0.0630807229616503,log(x+1),0.17676628821946,0.69382788420767,5.7124813867899,NA,Soil_richness_Arbuscular_mycorrhiza,Soil richness: Arbusc. mycorrh
MLF,-0.310991969433443,-1.02352336532253,0.401539426455642,0.0899704994782326,0.196733318468653,Subplot.id:Plot.id;Plot.id,0.0630807229616503,log(x+1),0.17676628821946,0.69382788420767,5.7124813867899,NA,Soil_richness_Arbuscular_mycorrhiza,Soil richness: Arbusc. mycorrh
HLF,0.575924035662056,-0.134133296443521,1.28598136776763,0.0899704994782326,0.196733318468653,Subplot.id:Plot.id;Plot.id,0.0630807229616503,log(x+1),0.17676628821946,0.69382788420767,5.7124813867899,NA,Soil_richness_Arbuscular_mycorrhiza,Soil richness: Arbusc. mycorrh
OP,-0.155687507351955,-1.16494173930658,0.853566724602665,0.0899704994782326,0.196733318468653,Subplot.id:Plot.id;Plot.id,0.0630807229616503,log(x+1),0.17676628821946,0.69382788420767,5.7124813867899,NA,Soil_richness_Arbuscular_mycorrhiza,Soil richness: Arbusc. mycorrh
