habitat,pred,ci_lower,ci_upper,rsq_marg,rsq_cond,ran_effs,signif,transformation,ssOP,ssOGF,ssTot,var_level,dataset,label
OGF,0.0201578576013049,-0.513346999634592,0.553662714837202,0.214376762092414,0.46437223899388,Subplot.id:Plot.id;Plot.id,0.0299411163385998,log,4.15330518704275,0.328526409458018,6.033374324191,NA,Soil_nutrients_C_N,Soil nutrients: C:N
MLF,0.696579240476001,-0.774254348462209,2.16741282941421,0.214376762092414,0.46437223899388,Subplot.id:Plot.id;Plot.id,0.0299411163385998,log,4.15330518704275,0.328526409458018,6.033374324191,NA,Soil_nutrients_C_N,Soil nutrients: C:N
HLF,-0.109203485253223,-1.56118256705383,1.34277559654738,0.214376762092414,0.46437223899388,Subplot.id:Plot.id;Plot.id,0.0299411163385998,log,4.15330518704275,0.328526409458018,6.033374324191,NA,Soil_nutrients_C_N,Soil nutrients: C:N
OP,-1.25538294085078,-2.99376656429238,0.483000682590817,0.214376762092414,0.46437223899388,Subplot.id:Plot.id;Plot.id,0.0299411163385998,log,4.15330518704275,0.328526409458018,6.033374324191,NA,Soil_nutrients_C_N,Soil nutrients: C:N
