habitat,pred,ci_lower,ci_upper,rsq_marg,rsq_cond,ran_effs,signif,transformation,ssOP,ssOGF,ssTot,var_level,dataset,label
OGF,0.757338788170146,0.529804720209935,0.984872856130356,0.36152275701358,0.396554320181367,Subplot.id:Plot.id;Plot.id,1.64056770730798e-06,log(x+1),46.3220002673856,68.1815194355611,115.351827753654,NA,Soil_richness_Ectomycorrhiza,Soil richness: Ectomycorrhiza
MLF,-0.529953002568933,-0.897489650838663,-0.162416354299202,0.36152275701358,0.396554320181367,Subplot.id:Plot.id;Plot.id,1.64056770730798e-06,log(x+1),46.3220002673856,68.1815194355611,115.351827753654,NA,Soil_richness_Ectomycorrhiza,Soil richness: Ectomycorrhiza
HLF,-0.32378158278419,-0.647065865535019,-0.000497300033359738,0.36152275701358,0.396554320181367,Subplot.id:Plot.id;Plot.id,1.64056770730798e-06,log(x+1),46.3220002673856,68.1815194355611,115.351827753654,NA,Soil_richness_Ectomycorrhiza,Soil richness: Ectomycorrhiza
OP,-1.28249699902349,-1.75330632074866,-0.811687677298316,0.36152275701358,0.396554320181367,Subplot.id:Plot.id;Plot.id,1.64056770730798e-06,log(x+1),46.3220002673856,68.1815194355611,115.351827753654,NA,Soil_richness_Ectomycorrhiza,Soil richness: Ectomycorrhiza
