habitat,pred,ci_lower,ci_upper,rsq_marg,rsq_cond,ran_effs,signif,transformation,ssOP,ssOGF,ssTot,var_level,dataset,label
OGF,0.141225921523616,-0.12576742327864,0.408219266325873,0.153552582533079,0.197243470095393,Subplot.id:Plot.id;Plot.id,0.00163878695583638,none,3.58948032192681,0.332286904401588,20.7063911748334,NA,Soil_richness_Fungi,Soil richness: Fungi
MLF,-0.616640777697635,-1.36884210529943,0.135560549904157,0.153552582533079,0.197243470095393,Subplot.id:Plot.id;Plot.id,0.00163878695583638,none,3.58948032192681,0.332286904401588,20.7063911748334,NA,Soil_richness_Fungi,Soil richness: Fungi
HLF,0.547203427635607,-0.171442268589115,1.26584912386033,0.153552582533079,0.197243470095393,Subplot.id:Plot.id;Plot.id,0.00163878695583638,none,3.58948032192681,0.332286904401588,20.7063911748334,NA,Soil_richness_Fungi,Soil richness: Fungi
OP,-0.443627015588654,-1.27752215281995,0.390268121642643,0.153552582533079,0.197243470095393,Subplot.id:Plot.id;Plot.id,0.00163878695583638,none,3.58948032192681,0.332286904401588,20.7063911748334,NA,Soil_richness_Fungi,Soil richness: Fungi
