habitat,pred,ci_lower,ci_upper,rsq_marg,rsq_cond,ran_effs,signif,transformation,ssOP,ssOGF,ssTot,var_level,dataset,label
OGF,-0.422293148934719,-0.819831292766709,-0.0247550051027287,0.24994120809119,0.301650510894632,Subplot.id:Plot.id;Plot.id,0.000294308725537732,none,7.54549333778774,24.8332221839317,33.0309783112267,NA,Soil_horizon_depth,Soil horizon depth
MLF,0.739748597995169,0.188050224516908,1.29144697147343,0.24994120809119,0.301650510894632,Subplot.id:Plot.id;Plot.id,0.000294308725537732,none,7.54549333778774,24.8332221839317,33.0309783112267,NA,Soil_horizon_depth,Soil horizon depth
HLF,0.482330975532538,-0.0746268123964157,1.03928876346149,0.24994120809119,0.301650510894632,Subplot.id:Plot.id;Plot.id,0.000294308725537732,none,7.54549333778774,24.8332221839317,33.0309783112267,NA,Soil_horizon_depth,Soil horizon depth
OP,-0.857939262859706,-1.62397055936443,-0.0919079663549807,0.24994120809119,0.301650510894632,Subplot.id:Plot.id;Plot.id,0.000294308725537732,none,7.54549333778774,24.8332221839317,33.0309783112267,NA,Soil_horizon_depth,Soil horizon depth
