habitat,pred,ci_lower,ci_upper,rsq_marg,rsq_cond,ran_effs,signif,transformation,ssOP,ssOGF,ssTot,var_level,dataset,label
OGF,-0.100902264560872,-0.488277937516227,0.286473408394483,0.0899704994772473,0.196733318480934,Subplot.id:Plot.id;Plot.id,0.0630807229616598,log(x+1),0.176766288214842,0.693827884189977,5.71248138665109,NA,Soil_richness_Arbuscular_mycorrhiza,Soil richness: Arbusc. mycorrh
MLF,-0.313267625860997,-1.36710137169616,0.740566119974162,0.0899704994772473,0.196733318480934,Subplot.id:Plot.id;Plot.id,0.0630807229616598,log(x+1),0.176766288214842,0.693827884189977,5.71248138665109,NA,Soil_richness_Arbuscular_mycorrhiza,Soil richness: Arbusc. mycorrh
HLF,0.57364837923459,-0.471664835120084,1.61896159358926,0.0899704994772473,0.196733318480934,Subplot.id:Plot.id;Plot.id,0.0630807229616598,log(x+1),0.176766288214842,0.693827884189977,5.71248138665109,NA,Soil_richness_Arbuscular_mycorrhiza,Soil richness: Arbusc. mycorrh
OP,-0.157963163779425,-1.39544356069308,1.07951723313422,0.0899704994772473,0.196733318480934,Subplot.id:Plot.id;Plot.id,0.0630807229616598,log(x+1),0.176766288214842,0.693827884189977,5.71248138665109,NA,Soil_richness_Arbuscular_mycorrhiza,Soil richness: Arbusc. mycorrh
