habitat,pred,ci_lower,ci_upper,rsq_marg,rsq_cond,ran_effs,signif,transformation,ssOP,ssOGF,ssTot,var_level,dataset,label
OGF,-0.193459140659649,-0.871319438837681,0.484401157518384,0.0253169052662616,0.540790106274077,Subplot.id:Plot.id;Plot.id,0.808434852993965,log,0.019052629737819,0.290347675685141,0.312101050521557,NA,Soil_nutrients_N,Soil nutrients: N
MLF,0.187512269118311,-1.68101987185873,2.05604441009535,0.0253169052662616,0.540790106274077,Subplot.id:Plot.id;Plot.id,0.808434852993965,log,0.019052629737819,0.290347675685141,0.312101050521557,NA,Soil_nutrients_N,Soil nutrients: N
HLF,0.138716629972891,-1.71159454844436,1.98902780839014,0.0253169052662616,0.540790106274077,Subplot.id:Plot.id;Plot.id,0.808434852993965,log,0.019052629737819,0.290347675685141,0.312101050521557,NA,Soil_nutrients_N,Soil nutrients: N
OP,0.1213787644563,-2.09479260819003,2.33755013710263,0.0253169052662616,0.540790106274077,Subplot.id:Plot.id;Plot.id,0.808434852993965,log,0.019052629737819,0.290347675685141,0.312101050521557,NA,Soil_nutrients_N,Soil nutrients: N
