habitat,pred,ci_lower,ci_upper,rsq_marg,rsq_cond,ran_effs,signif,transformation,ssOP,ssOGF,ssTot,var_level,dataset,label
OGF,-0.665173739526857,-1.01625802675166,-0.314089452302057,0.294147225072594,0.373688839372051,Subplot.id:Plot.id;Plot.id,0.000440990241452444,log,8.86394610546859,17.3830506310003,27.4387244535911,NA,Soil_bulk_density,Soil bulk density
MLF,0.62150267126949,-0.317295572332061,1.56030091487104,0.294147225072594,0.373688839372051,Subplot.id:Plot.id;Plot.id,0.000440990241452444,log,8.86394610546859,17.3830506310003,27.4387244535911,NA,Soil_bulk_density,Soil bulk density
HLF,0.231395168186935,-0.699854886470039,1.16264522284391,0.294147225072594,0.373688839372051,Subplot.id:Plot.id;Plot.id,0.000440990241452444,log,8.86394610546859,17.3830506310003,27.4387244535911,NA,Soil_bulk_density,Soil bulk density
OP,1.08509885398027,-0.0370008989494081,2.20719860690996,0.294147225072594,0.373688839372051,Subplot.id:Plot.id;Plot.id,0.000440990241452444,log,8.86394610546859,17.3830506310003,27.4387244535911,NA,Soil_bulk_density,Soil bulk density
