habitat,pred,ci_lower,ci_upper,rsq_marg,rsq_cond,ran_effs,signif,transformation,ssOP,ssOGF,ssTot,var_level,dataset,label
OGF,-0.15668694488284,-1.02055053693402,0.70717664716834,0.0602105332053218,0.518260752465967,Subplot.id:Plot.id;Plot.id,0.487480897940041,log,0.242257308146794,0.464990566285743,0.890717001666006,NA,Soil_nutrients_C,Soil nutrients: C
MLF,0.440849825385739,-0.785775403623232,1.66747505439471,0.0602105332053218,0.518260752465967,Subplot.id:Plot.id;Plot.id,0.487480897940041,log,0.242257308146794,0.464990566285743,0.890717001666006,NA,Soil_nutrients_C,Soil nutrients: C
HLF,0.0751730373114008,-1.14648319729779,1.29682927192059,0.0602105332053218,0.518260752465967,Subplot.id:Plot.id;Plot.id,0.487480897940041,log,0.242257308146794,0.464990566285743,0.890717001666006,NA,Soil_nutrients_C,Soil nutrients: C
OP,-0.405297945862919,-2.12928685193079,1.31869096020496,0.0602105332053218,0.518260752465967,Subplot.id:Plot.id;Plot.id,0.487480897940041,log,0.242257308146794,0.464990566285743,0.890717001666006,NA,Soil_nutrients_C,Soil nutrients: C
