habitat,pred,ci_lower,ci_upper,rsq_marg,rsq_cond,ran_effs,signif,transformation,ssOP,ssOGF,ssTot,var_level,dataset,label
OGF,-0.415809578108414,-0.968633320004112,0.137014163787284,0.26456269218947,0.657886550454902,Subplot.id:Plot.id;Plot.id,0.0285370799676989,log,2.23684725220597,0.677858157986908,3.58906651951854,NA,Soil_nutrients_Inorganic_P,Soil nutrients: Inorganic P
MLF,0.457982947446506,-1.05539709733676,1.97136299222977,0.26456269218947,0.657886550454902,Subplot.id:Plot.id;Plot.id,0.0285370799676989,log,2.23684725220597,0.677858157986908,3.58906651951854,NA,Soil_nutrients_Inorganic_P,Soil nutrients: Inorganic P
HLF,-0.262604146559013,-1.77091526848269,1.24570697536466,0.26456269218947,0.657886550454902,Subplot.id:Plot.id;Plot.id,0.0285370799676989,log,2.23684725220597,0.677858157986908,3.58906651951854,NA,Soil_nutrients_Inorganic_P,Soil nutrients: Inorganic P
OP,1.27248071065924,-0.550319256837279,3.09528067815575,0.26456269218947,0.657886550454902,Subplot.id:Plot.id;Plot.id,0.0285370799676989,log,2.23684725220597,0.677858157986908,3.58906651951854,NA,Soil_nutrients_Inorganic_P,Soil nutrients: Inorganic P
