habitat,pred,ci_lower,ci_upper,rsq_marg,rsq_cond,ran_effs,signif,transformation,ssOP,ssOGF,ssTot,var_level,dataset,label
OGF,0.0201578576013049,-0.690639315865394,0.730955031068004,0.214376766607508,0.464372233345755,Subplot.id:Plot.id;Plot.id,0.0299411163385983,log,4.15330526287613,0.328526415048435,6.03337443451243,NA,Soil_nutrients_C_N,Soil nutrients: C:N
MLF,0.696579240476003,-0.312268918807037,1.70542739975904,0.214376766607508,0.464372233345755,Subplot.id:Plot.id;Plot.id,0.0299411163385983,log,4.15330526287613,0.328526415048435,6.03337443451243,NA,Soil_nutrients_C_N,Soil nutrients: C:N
HLF,-0.109203485253223,-1.11317249630421,0.894765525797758,0.214376766607508,0.464372233345755,Subplot.id:Plot.id;Plot.id,0.0299411163385983,log,4.15330526287613,0.328526415048435,6.03337443451243,NA,Soil_nutrients_C_N,Soil nutrients: C:N
OP,-1.25538294085077,-2.67693847654679,0.166172594845245,0.214376766607508,0.464372233345755,Subplot.id:Plot.id;Plot.id,0.0299411163385983,log,4.15330526287613,0.328526415048435,6.03337443451243,NA,Soil_nutrients_C_N,Soil nutrients: C:N
