habitat,pred,ci_lower,ci_upper,rsq_marg,rsq_cond,ran_effs,signif,transformation,ssOP,ssOGF,ssTot,var_level,dataset,label
OGF,-0.305043572906716,-0.939719788104646,0.329632642291214,0.0372087683358705,0.614689044514691,Subplot.id:Quadrat.id:Plot.id;Date;Quadrat.id:Plot.id;Plot.id,0.413189248015543,none,0.426806182045069,0.449998572233471,0.959266334970053,NA,Soil_temperature,Soil temp.
MLF,-0.0834065825655734,-1.0032393637202,0.836426198589052,0.0372087683358705,0.614689044514691,Subplot.id:Quadrat.id:Plot.id;Date;Quadrat.id:Plot.id;Plot.id,0.413189248015543,none,0.426806182045069,0.449998572233471,0.959266334970053,NA,Soil_temperature,Soil temp.
HLF,0.125094151442049,-0.60378753337357,0.853975836257668,0.0372087683358705,0.614689044514691,Subplot.id:Quadrat.id:Plot.id;Date;Quadrat.id:Plot.id;Plot.id,0.413189248015543,none,0.426806182045069,0.449998572233471,0.959266334970053,NA,Soil_temperature,Soil temp.
OP,0.428261242982563,-0.840101292537461,1.69662377850259,0.0372087683358705,0.614689044514691,Subplot.id:Quadrat.id:Plot.id;Date;Quadrat.id:Plot.id;Plot.id,0.413189248015543,none,0.426806182045069,0.449998572233471,0.959266334970053,NA,Soil_temperature,Soil temp.
