habitat,pred,ci_lower,ci_upper,rsq_marg,rsq_cond,ran_effs,signif,transformation,ssOP,ssOGF,ssTot,var_level,dataset,label
OGF,0.362868408348697,-0.163134499159808,0.888871315857201,0.338984715131773,0.583318198482936,Subplot.id:Plot.id;Plot.id,0.00754323820645245,log,6.74687760231995,0.297931098347022,7.65568156457444,NA,Soil_nutrients_C_P,Soil nutrients: C:P
MLF,-0.187329180780804,-1.61770972306493,1.24305136150332,0.338984715131773,0.583318198482936,Subplot.id:Plot.id;Plot.id,0.00754323820645245,log,6.74687760231995,0.297931098347022,7.65568156457444,NA,Soil_nutrients_C_P,Soil nutrients: C:P
HLF,0.363963599688222,-1.06504673768047,1.79297393705691,0.338984715131773,0.583318198482936,Subplot.id:Plot.id;Plot.id,0.00754323820645245,log,6.74687760231995,0.297931098347022,7.65568156457444,NA,Soil_nutrients_C_P,Soil nutrients: C:P
OP,-1.80474247120944,-3.54091638929353,-0.0685685531253527,0.338984715131773,0.583318198482936,Subplot.id:Plot.id;Plot.id,0.00754323820645245,log,6.74687760231995,0.297931098347022,7.65568156457444,NA,Soil_nutrients_C_P,Soil nutrients: C:P
