habitat,pred,ci_lower,ci_upper,rsq_marg,rsq_cond,ran_effs,signif,transformation,ssOP,ssOGF,ssTot,var_level,dataset,label
OGF,0.231977210761565,-0.250750317037365,0.714704738560495,0.0888557940294289,0.307571360152171,Subplot.id:Plot.id;Plot.id,0.14635138763368,none,0.365398469842315,1.05622537830234,3.27070728395078,NA,Soil_richness_Protist,Soil richness: Protist
MLF,-0.532654677103016,-1.85039143288103,0.785082078675,0.0888557940294289,0.307571360152171,Subplot.id:Plot.id;Plot.id,0.14635138763368,none,0.365398469842315,1.05622537830234,3.27070728395078,NA,Soil_richness_Protist,Soil richness: Protist
HLF,0.196607505210232,-1.10935588055878,1.50257089097925,0.0888557940294289,0.307571360152171,Subplot.id:Plot.id;Plot.id,0.14635138763368,none,0.365398469842315,1.05622537830234,3.27070728395078,NA,Soil_richness_Protist,Soil richness: Protist
OP,-0.301742338686117,-1.82815484151374,1.2246701641415,0.0888557940294289,0.307571360152171,Subplot.id:Plot.id;Plot.id,0.14635138763368,none,0.365398469842315,1.05622537830234,3.27070728395078,NA,Soil_richness_Protist,Soil richness: Protist
