habitat,pred,ci_lower,ci_upper,rsq_marg,rsq_cond,ran_effs,signif,transformation,ssOP,ssOGF,ssTot,var_level,dataset,label
OGF,0.175987734119002,-0.264230294625171,0.616205762863176,0.291281718017671,0.445526935384113,Subplot.id:Plot.id;Plot.id,0.000585228113309829,none,3.40375164518303,4.1673431809594,22.3997111157911,NA,Soil_richness_Bacteria,Soil richness: Bacteria
MLF,-1.12493719055827,-1.74386540806605,-0.506008973050487,0.291281718017671,0.445526935384113,Subplot.id:Plot.id;Plot.id,0.000585228113309829,none,3.40375164518303,4.1673431809594,22.3997111157911,NA,Soil_richness_Bacteria,Soil richness: Bacteria
HLF,0.392911373038394,-0.230174022683606,1.01599676876039,0.291281718017671,0.445526935384113,Subplot.id:Plot.id;Plot.id,0.000585228113309829,none,3.40375164518303,4.1673431809594,22.3997111157911,NA,Soil_richness_Bacteria,Soil richness: Bacteria
OP,0.715103210941415,-0.173401228593057,1.60360765047589,0.291281718017671,0.445526935384113,Subplot.id:Plot.id;Plot.id,0.000585228113309829,none,3.40375164518303,4.1673431809594,22.3997111157911,NA,Soil_richness_Bacteria,Soil richness: Bacteria
