habitat,pred,ci_lower,ci_upper,rsq_marg,rsq_cond,ran_effs,signif,transformation,ssOP,ssOGF,ssTot,var_level,dataset,label
OGF,-0.0935734157425762,-0.875808421283744,0.688661589798592,0.188415042965792,0.505678837707486,Subplot.id:Plot.id;Plot.id,0.0435120138593464,none,3.68597575912868,0.881087690487553,4.72402585843139,NA,Soil_moisture,Soil moisture
MLF,0.236981776457259,-0.873901676751573,1.34786522966609,0.188415042965792,0.505678837707486,Subplot.id:Plot.id;Plot.id,0.0435120138593464,none,3.68597575912868,0.881087690487553,4.72402585843139,NA,Soil_moisture,Soil moisture
HLF,0.527852423540482,-0.578867474010894,1.63457232109186,0.188415042965792,0.505678837707486,Subplot.id:Plot.id;Plot.id,0.0435120138593464,none,3.68597575912868,0.881087690487553,4.72402585843139,NA,Soil_moisture,Soil moisture
OP,-1.31292583752861,-2.87843650819174,0.252584833134522,0.188415042965792,0.505678837707486,Subplot.id:Plot.id;Plot.id,0.0435120138593464,none,3.68597575912868,0.881087690487553,4.72402585843139,NA,Soil_moisture,Soil moisture
