habitat,pred,ci_lower,ci_upper,rsq_marg,rsq_cond,ran_effs,signif,transformation,ssOP,ssOGF,ssTot,var_level,dataset,label
OGF,0.141702326054119,-0.203556254861185,0.486960906969424,0.153552582533574,0.19724347008705,Subplot.id:Plot.id;Plot.id,0.00163878695583638,none,3.58948032139922,0.332286904398439,20.7063911723867,NA,Soil_richness_Fungi,Soil richness: Fungi
MLF,-0.616164373166718,-1.11520633414391,-0.117122412189523,0.153552582533574,0.19724347008705,Subplot.id:Plot.id;Plot.id,0.00163878695583638,none,3.58948032139922,0.332286904398439,20.7063911723867,NA,Soil_richness_Fungi,Soil richness: Fungi
HLF,0.547679832166292,0.0630834614512397,1.03227620288134,0.153552582533574,0.19724347008705,Subplot.id:Plot.id;Plot.id,0.00163878695583638,none,3.58948032139922,0.332286904398439,20.7063911723867,NA,Soil_richness_Fungi,Soil richness: Fungi
OP,-0.443150611057969,-1.1343756013263,0.248074379210359,0.153552582533574,0.19724347008705,Subplot.id:Plot.id;Plot.id,0.00163878695583638,none,3.58948032139922,0.332286904398439,20.7063911723867,NA,Soil_richness_Fungi,Soil richness: Fungi
