dataset,label,Researcher,Level,Category,Sublevel,Subcategory,Order_level,Order_sublevel,Order_compact,Compact,OGF,MLF,HLF,OP
Above_ground_carbon,Above ground carbon,Terhi Riutta,1,Structure & Environment,1.1,Structure,1,1,1,NA,TRUE,TRUE,TRUE,TRUE
Canopy_height,Canopy height,Boris Bongalov,1,Structure & Environment,1.1,Structure,2,2,2,NA,TRUE,TRUE,TRUE,FALSE
Leaf_area_index,Leaf-area Index,Terhi Riutta,1,Structure & Environment,1.1,Structure,3,3,3,NA,TRUE,TRUE,TRUE,TRUE
Soil_temperature,Soil temperature,Terhi Riutta,1,Structure & Environment,1.2,Microclimate,4,1,4,NA,TRUE,TRUE,TRUE,TRUE
Soil_moisture,Soil moisture,Dafydd Elias,1,Structure & Environment,1.2,Microclimate,5,2,5,NA,TRUE,TRUE,TRUE,TRUE
Air_temperature_minimum,Air temperature: Min.,Ben Blonder,1,Structure & Environment,1.2,Microclimate,6,3,6,1,TRUE,TRUE,TRUE,FALSE
Air_temperature_mean,Air temperature: Mean,Ben Blonder,1,Structure & Environment,1.2,Microclimate,7,4,6,2,TRUE,TRUE,TRUE,FALSE
Air_temperature_maximum,Air temperature: Max.,Ben Blonder,1,Structure & Environment,1.2,Microclimate,8,5,6,3,TRUE,TRUE,TRUE,FALSE
Soil_bulk_density,Soil bulk density,Dafydd Elias,1,Structure & Environment,1.3,Soil properties,9,1,7,NA,TRUE,TRUE,TRUE,TRUE
Soil_horizon_depth,Soil horizon depth,Dafydd Elias,1,Structure & Environment,1.3,Soil properties,10,2,8,NA,TRUE,TRUE,TRUE,TRUE
Soil_pH,Soil pH,Dafydd Elias,1,Structure & Environment,1.3,Soil properties,11,3,9,NA,TRUE,TRUE,TRUE,TRUE
Soil_nutrients_C,Soil nutrients: C,Dafydd Elias,1,Structure & Environment,1.3,Soil properties,12,4,10,1,TRUE,TRUE,TRUE,TRUE
Soil_nutrients_N,Soil nutrients: N,Dafydd Elias,1,Structure & Environment,1.3,Soil properties,13,5,10,2,TRUE,TRUE,TRUE,TRUE
Soil_nutrients_C_N,Soil nutrients: C:N,Dafydd Elias,1,Structure & Environment,1.3,Soil properties,14,6,10,3,TRUE,TRUE,TRUE,TRUE
Soil_nutrients_Inorganic_P,Soil nutrients: Inorganic P,Dafydd Elias,1,Structure & Environment,1.3,Soil properties,15,7,10,4,TRUE,TRUE,TRUE,TRUE
Soil_nutrients_C_P,Soil nutrients: C:P,Dafydd Elias,1,Structure & Environment,1.3,Soil properties,16,8,10,5,TRUE,TRUE,TRUE,TRUE
Photosynthesis_traits,Photosyn. traits,Sabine Both,2,Photosynthesis traits,2.1,Photosynthesis traits,1,1,1,NA,TRUE,TRUE,TRUE,FALSE
Traits_13C,δ13C,Sabine Both,2,Photosynthesis traits,2.1,Photosynthesis traits,2,2,2,NA,TRUE,TRUE,TRUE,FALSE
Traits_Asat,Photosyn. rate: Asat,Sabine Both,2,Photosynthesis traits,2.1,Photosynthesis traits,3,3,3,1,TRUE,TRUE,TRUE,FALSE
Traits_Amax,Photosyn. rate: Amax,Sabine Both,2,Photosynthesis traits,2.1,Photosynthesis traits,4,4,3,2,TRUE,TRUE,TRUE,FALSE
Traits_N_conc,Max. photosyn. rate: N(conc),Sabine Both,2,Photosynthesis traits,2.1,Photosynthesis traits,5,5,4,1,TRUE,TRUE,TRUE,FALSE
Traits_Phos_area,Max. photosyn. rate: P(area),Sabine Both,2,Photosynthesis traits,2.1,Photosynthesis traits,6,6,4,2,TRUE,TRUE,TRUE,FALSE
Traits_Dark_resp,Dark respiration,Sabine Both,2,Photosynthesis traits,2.1,Photosynthesis traits,7,7,5,NA,TRUE,TRUE,TRUE,FALSE
Traits_SLA,Specific leaf area,Sabine Both,2,Photosynthesis traits,2.1,Photosynthesis traits,8,8,6,NA,TRUE,TRUE,TRUE,FALSE
Traits_Carot_area,Carotenoids: Area,Sabine Both,2,Photosynthesis traits,2.1,Photosynthesis traits,9,9,7,1,TRUE,TRUE,TRUE,FALSE
Traits_Carot_mass,Carotenoids: Mass,Sabine Both,2,Photosynthesis traits,2.1,Photosynthesis traits,10,10,7,2,TRUE,TRUE,TRUE,FALSE
Traits_Chl_a_area,Chlorophyll a: Area,Sabine Both,2,Photosynthesis traits,2.1,Photosynthesis traits,11,11,8,1,TRUE,TRUE,TRUE,FALSE
Traits_Chl_a_mass,Chlorophyll a: Mass,Sabine Both,2,Photosynthesis traits,2.1,Photosynthesis traits,12,12,8,2,TRUE,TRUE,TRUE,FALSE
Traits_Chl_b_area,Chlorophyll b: Area,Sabine Both,2,Photosynthesis traits,2.1,Photosynthesis traits,13,13,9,1,TRUE,TRUE,TRUE,FALSE
Traits_Chl_b_mass,Chlorophyll b: Mass,Sabine Both,2,Photosynthesis traits,2.1,Photosynthesis traits,14,14,9,2,TRUE,TRUE,TRUE,FALSE
Nutrient_traits,Nutrient traits,Sabine Both,2,Nutrient traits,2.2,Nutrient traits,1,1,1,NA,TRUE,TRUE,TRUE,FALSE
Traits_15N,δ15N,Sabine Both,2,Nutrient traits,2.2,Nutrient traits,2,2,2,NA,TRUE,TRUE,TRUE,FALSE
Traits_Carbon_conc,Carbon conc.,Sabine Both,2,Nutrient traits,2.2,Nutrient traits,3,3,3,NA,TRUE,TRUE,TRUE,FALSE
Traits_N_perc,Max. photosyn. rate: N(%),Sabine Both,2,Nutrient traits,2.2,Nutrient traits,4,4,4,1,TRUE,TRUE,TRUE,FALSE
Traits_Phos_mass,Max. photosyn. rate: P(mass),Sabine Both,2,Nutrient traits,2.2,Nutrient traits,5,5,4,2,TRUE,TRUE,TRUE,FALSE
Traits_Total_Mg,Regulat. nutrients: Total Mg,Sabine Both,2,Nutrient traits,2.2,Nutrient traits,6,6,5,1,TRUE,TRUE,TRUE,FALSE
Traits_Total_K,Regulat. nutrients: Total K,Sabine Both,2,Nutrient traits,2.2,Nutrient traits,7,7,5,2,TRUE,TRUE,TRUE,FALSE
Traits_Total_Ca,Regulat. nutrients: Total Ca,Sabine Both,2,Nutrient traits,2.2,Nutrient traits,8,8,5,3,TRUE,TRUE,TRUE,FALSE
Structural_traits,Structural traits,Sabine Both,2,Structural traits,2.3,Structural traits,1,1,1,NA,TRUE,TRUE,TRUE,FALSE
Traits_Branch_WD,Branch wood density,Sabine Both,2,Structural traits,2.3,Structural traits,2,2,2,NA,TRUE,TRUE,TRUE,FALSE
Traits_Cellulose,Leaf fibre conc.: Cellul.,Sabine Both,2,Structural traits,2.3,Structural traits,3,3,3,1,TRUE,TRUE,TRUE,FALSE
Traits_Lignin,Leaf fibre conc.: Lignin,Sabine Both,2,Structural traits,2.3,Structural traits,4,4,3,2,TRUE,TRUE,TRUE,FALSE
Traits_Hemicellulose,Leaf fibre conc.: Hemicel.,Sabine Both,2,Structural traits,2.3,Structural traits,5,5,3,3,TRUE,TRUE,TRUE,FALSE
Traits_Leaf_area,Leaf size: Area,Sabine Both,2,Structural traits,2.3,Structural traits,6,6,4,1,TRUE,TRUE,TRUE,FALSE
Traits_Dry_weight,Leaf size: Dry wgt,Sabine Both,2,Structural traits,2.3,Structural traits,7,7,4,2,TRUE,TRUE,TRUE,FALSE
Traits_Leaf_toughness,Leaf strength: Tough.,Sabine Both,2,Structural traits,2.3,Structural traits,8,8,5,1,TRUE,TRUE,TRUE,FALSE
Traits_Leaf_thickness,Leaf strength: Thick.,Sabine Both,2,Structural traits,2.3,Structural traits,9,9,5,2,TRUE,TRUE,TRUE,FALSE
Traits_LDMC,Leaf strength: Dry mat.,Sabine Both,2,Structural traits,2.3,Structural traits,10,10,5,3,TRUE,TRUE,TRUE,FALSE
Traits_Phenol,Leaf defence: Phenol,Sabine Both,2,Structural traits,2.3,Structural traits,11,11,6,1,TRUE,TRUE,TRUE,FALSE
Traits_Tannin,Leaf defence: Tannin,Sabine Both,2,Structural traits,2.3,Structural traits,12,12,6,2,TRUE,TRUE,TRUE,FALSE
Soil_richness_Bacteria,Soil microbial richness: Bacteria,Dafydd Elias,3,Biodiversity,3.1,Biodiversity (1),1,1,1,1,TRUE,TRUE,TRUE,TRUE
Soil_richness_Protist,Soil microbial richness: Protist,Dafydd Elias,3,Biodiversity,3.1,Biodiversity (1),2,2,1,2,TRUE,TRUE,TRUE,TRUE
Soil_richness_Ectomycorrhiza,Soil fungal richness: Ectomycorrhiza,Dafydd Elias,3,Biodiversity,3.1,Biodiversity (1),3,3,2,1,TRUE,TRUE,TRUE,TRUE
Soil_richness_Arbuscular_mycorrhiza,Soil fungal richness: Arbusc. mycorrhiza,Dafydd Elias,3,Biodiversity,3.1,Biodiversity (1),4,4,2,2,TRUE,TRUE,TRUE,TRUE
Soil_richness_Fungi,Soil fungal richness: Fungi,Dafydd Elias,3,Biodiversity,3.1,Biodiversity (1),5,5,2,3,TRUE,TRUE,TRUE,TRUE
Spectral_diversity,Spectral diversity,Matheus Nunes,3,Biodiversity,3.1,Biodiversity (1),6,6,3,NA,TRUE,TRUE,TRUE,FALSE
Tree_abundance,Tree diversity: Abund.,Sabine Both,3,Biodiversity,3.1,Biodiversity (1),7,7,4,1,TRUE,TRUE,TRUE,FALSE
Tree_richness,Tree diversity: Rich.,Sabine Both,3,Biodiversity,3.1,Biodiversity (1),8,8,4,2,TRUE,TRUE,TRUE,FALSE
Liana_abundance,Liana abundance,Boris Bongalov,3,Biodiversity,3.1,Biodiversity (1),9,9,5,NA,TRUE,TRUE,TRUE,FALSE
Dung_beetle_abundance,Dung beetle abundance,Eleanor Slade,3,Biodiversity,3.1,Biodiversity (1),10,10,6,NA,TRUE,TRUE,TRUE,TRUE
Dung_beetle_diversity_q=0,Dung beetle diversity: q=0,Eleanor Slade,3,Biodiversity,3.1,Biodiversity (1),11,11,7,1,TRUE,TRUE,TRUE,TRUE
Dung_beetle_diversity_q=1,Dung beetle diversity: q=1,Eleanor Slade,3,Biodiversity,3.1,Biodiversity (1),12,12,7,2,TRUE,TRUE,TRUE,TRUE
Dung_beetle_diversity_q=2,Dung beetle diversity: q=2,Eleanor Slade,3,Biodiversity,3.1,Biodiversity (1),13,13,7,3,TRUE,TRUE,TRUE,TRUE
Bird_abundance,Bird abund.,Simon Mitchell,3,Biodiversity,3.2,Biodiversity (2),14,1,7,NA,TRUE,TRUE,TRUE,TRUE
Bird_diversity_q=0,Bird diversity: q=0,Simon Mitchell,3,Biodiversity,3.2,Biodiversity (2),15,2,8,1,TRUE,TRUE,TRUE,TRUE
Bird_diversity_q=1,Bird diversity: q=1,Simon Mitchell,3,Biodiversity,3.2,Biodiversity (2),16,3,8,2,TRUE,TRUE,TRUE,TRUE
Bird_diversity_q=2,Bird diversity: q=2,Simon Mitchell,3,Biodiversity,3.2,Biodiversity (2),17,4,8,3,TRUE,TRUE,TRUE,TRUE
Bat_abundance,Bat abund.,Dave Hemprich-Bennett,3,Biodiversity,3.2,Biodiversity (2),18,5,9,NA,TRUE,TRUE,TRUE,FALSE
Bat_diversity_small_scale,Bat diversity (sm scale),Dave Hemprich-Bennett,3,Biodiversity,3.2,Biodiversity (2),19,6,10,NA,TRUE,TRUE,TRUE,FALSE
Bat_diversity_large_scale_q=0,Bat diversity (lg scale): q=0,Dave Hemprich-Bennett,3,Biodiversity,3.2,Biodiversity (2),20,7,11,1,TRUE,TRUE,TRUE,FALSE
Bat_diversity_large_scale_q=1,Bat diversity (lg scale): q=1,Dave Hemprich-Bennett,3,Biodiversity,3.2,Biodiversity (2),21,8,11,2,TRUE,TRUE,TRUE,FALSE
Bat_diversity_large_scale_q=2,Bat diversity (lg scale): q=2,Dave Hemprich-Bennett,3,Biodiversity,3.2,Biodiversity (2),22,9,11,3,TRUE,TRUE,TRUE,FALSE
Bat_beta_diversity_Nestedness,Bat β-diversity: Nestedness,Dave Hemprich-Bennett,3,Biodiversity,3.2,Biodiversity (2),23,10,12,1,TRUE,TRUE,TRUE,FALSE
Bat_beta_diversity_Turnover,Bat β-diversity: Turnover,Dave Hemprich-Bennett,3,Biodiversity,3.2,Biodiversity (2),24,11,12,2,TRUE,TRUE,TRUE,FALSE
Bat_beta_diversity_Total,Bat β-diversity: Total,Dave Hemprich-Bennett,3,Biodiversity,3.2,Biodiversity (2),25,12,12,3,TRUE,TRUE,TRUE,FALSE
Soil_respiration,Respiration: Soil,Terhi Riutta,4,Functioning,4,Functioning,1,1,1,1,TRUE,TRUE,TRUE,TRUE
Stem_respiration,Respiration: Stem,Terhi Riutta,4,Functioning,4,Functioning,2,2,1,2,TRUE,TRUE,TRUE,FALSE
NPP,NPP,Terhi Riutta,4,Functioning,4,Functioning,3,3,2,NA,TRUE,TRUE,TRUE,TRUE
Litterfall,Litterfall,Terhi Riutta,4,Functioning,4,Functioning,4,4,3,NA,TRUE,TRUE,TRUE,FALSE
Litter_decomp,Litter decomp.,Sabine Both,4,Functioning,4,Functioning,5,5,4,NA,TRUE,TRUE,FALSE,FALSE
Hyphal_length,Mycelial production,Sam Robinson,4,Functioning,4,Functioning,6,6,5,NA,TRUE,TRUE,TRUE,TRUE
Dung_removal,Dung removal,Eleanor Slade,4,Functioning,4,Functioning,7,7,6,NA,TRUE,TRUE,TRUE,TRUE
